1,Townsendia alpigena Piper var. caelilinensis (S.L. Welsh) Kartesz & Gandhi,Wyoming Townsend Daisy,Asteraceae
2,Acarospora nigromarginata de Lesd.,Darkmargin Cracked Lichen,Acarosporaceae
3,Streptosolen Miers,Streptosolen,Solanaceae
4,Juncus patens E. Mey.,Spreading Rush,Juncaceae
5,Pediomelum megalanthum (Wooton & Standl.) Rydb.,Intermountain Indian Breadroot,Fabaceae
6,Malaxis Sol. ex Sw.,Adder's-mouth Orchid,Orchidaceae
7,Lecidella stigmatea (Ach.) Hertel & Leuckert,Lecidella Lichen,Lecanoraceae
8,Thelidium minimum (A. Massal. ex Körb.) Arnold,Thelidium Lichen,Verrucariaceae
9,Prosartes hookeri Torr. var. hookeri,Drops-of-gold,Liliaceae
10,Oxalis latifolia Kunth,Broadleaf Woodsorrel,Oxalidaceae
11,Delphinium hansenii (Greene) Greene ssp. hansenii,Eldorado Larkspur,Ranunculaceae
12,Oxalis frutescens L.,Shrubby Woodsorrel,Oxalidaceae
13,Cordylanthus rigidus (Benth.) Jeps. ssp. rigidus,Stiffbranch Bird's Beak,Scrophulariaceae
14,Arthonia patellulata Nyl.,Dot Lichen,Arthoniaceae
15,Biatorella cyphalea (Tuck.) Zahlbr.,Biatorella Lichen,Biatorellaceae
16,Prunus pleuradenia Griseb.,Antilles Cherry,Rosaceae
17,Salix ×princeps-ourayi L. Kelso,Hybrid Willow,Salicaceae
18,Lesquerella recurvata (Engelm. ex A. Gray) S. Watson,Gaslight Bladderpod,Brassicaceae
19,Scleropodium cespitans (Müll. Hal.) L.F. Koch var. cespitans,Low Scleropodium Moss,Brachytheciaceae
20,Cyanea tritomantha A. Gray,'aku 'aku,Campanulaceae
21,Calochortus persistens Ownbey,Siskiyou Mariposa Lily,Liliaceae
22,Caloplaca flavorubescens (Huds.) J.R. Laundon,Orange Lichen,Teloschistaceae
23,Spiranthes Rich.,Lady's Tresses,Orchidaceae
24,Epidendrum acunae Dressler,Acuna's Star Orchid,Orchidaceae
25,Lewisia columbiana (Howell ex A. Gray) B.L. Rob. var. columbiana,Columbian Lewisia,Portulacaceae
26,Panicum hirticaule J. Presl var. stramineum (Hitchc. & Chase) Beetle,Sonoran Panicgrass,Poaceae
27,Hypochaeris microcephala (Sch. Bip.) Cabrera var. microcephala (Sch. Bip.) Cabrera [excluded],Smallhead Cat's Ear,Asteraceae
28,Amaranthus australis (A. Gray) Sauer,Southern Amaranth,Amaranthaceae
29,Gratiola floridana Nutt.,Florida Hedgehyssop,Scrophulariaceae
30,Dicranella cerviculata (Hedw.) Schimp.,Dicranella Moss,Dicranaceae
31,Stachys bigelovii A. Gray,Rock Hedgenettle,Lamiaceae
32,Araucaria columnaris (G. Forst.) Hook.,New Caledonia Pine,Araucariaceae
33,Dichanthium annulatum (Forssk.) Stapf var. papillosum (Hochst. ex A. Rich.) de Wet & J.R. Harlan,Medio Bluestem,Poaceae
34,Gardenia remyi H. Mann,Remy's Gardenia,Rubiaceae
35,Desmodium adscendens (Sw.) DC.,Zarzabacoa Galana,Fabaceae
36,Castilleja Mutis ex L. f.,Indian Paintbrush,Scrophulariaceae
37,Salvia lycioides A. Gray,Canyon Sage,Lamiaceae
38,Nolina atopocarpa Bartlett,Florida Beargrass,Liliaceae
39,Guzmania monostachia (L.) Rusby ex Mez var. variegata (hort. ex Nash) M.B. Foster,Varigated Tufted Airplant,Bromeliaceae
40,Rudbeckia fulgida Aiton var. fulgida,Orange Coneflower,Asteraceae
41,Tetramicra canaliculata (Aubl.) Urb.,Serpentine Wallflower Orchid,Orchidaceae
42,Lomatium vaginatum J.M. Coult. & Rose,Broadsheath Desertparsley,Apiaceae
43,Astragalus ensiformis M.E. Jones var. gracilior Barneby,Pagumpa Milkvetch,Fabaceae
44,Gutierrezia texana (DC.) Torr. & A. Gray,Texas Snakeweed,Asteraceae
45,Scaphyglottis Poepp. & Endl.,Scaphyglottis,Orchidaceae
46,Cerastium gorodkovianum Schischkin,Tundra Chickweed,Caryophyllaceae
47,Phlox colubrina Wherry & Constance,Snake River Phlox,Polemoniaceae
48,Juncus arcticus Willd. ssp. arcticus,Arctic Rush,Juncaceae
49,Thalictrum fendleri Engelm. ex A. Gray var. polycarpum Torr.,Fendler's Meadow-rue,Ranunculaceae
50,Entada polystachya (L.) DC. var. polyphylla (Benth.) Barneby,Callingcard Vine,Fabaceae
51,Manilkara bidentata (A. DC.) A. Chev,Bulletwood,Sapotaceae
52,Eucalyptus obliqua L'Her.,Messmate,Myrtaceae
53,Sida acuta Burm. f.,Common Wireweed,Malvaceae
54,Ludwigia L.,Primrose-willow,Onagraceae
55,Lagascea mollis Cav.,Silkleaf,Asteraceae
56,Lonicera utahensis S. Watson,Utah Honeysuckle,Caprifoliaceae
57,Hypotrachyna croceopustulata (Kurok.) Hale,Hypotrachyna Lichen,Parmeliaceae
58,Astragalus whitneyi A. Gray var. confusus Barneby,Cone-like Milkvetch,Fabaceae
59,Euphorbia herniarifolia Willd.,Herniaria-leaf Spurge,Euphorbiaceae
60,Argythamnia fasciculata (Vahl ex A. Juss.) Müll. Arg.,Broom Silverbush,Euphorbiaceae
61,Viguiera cordifolia A. Gray,Heartleaf Goldeneye,Asteraceae
62,Polystichum lemmonii Underw.,Lemmon's Hollyfern,Dryopteridaceae
63,Hymenophyllum tegularis (Desv.) Proctor & Lourteig,Elegant Filmy Fern,Hymenophyllaceae
64,Potentilla biflora Willd. ex Schltdl.,Twoflower Cinquefoil,Rosaceae
65,Polygala palmeri S. Watson,Palmer's Milkwort,Polygalaceae
66,Amsonia ciliata Walter var. texana (A. Gray) J.M. Coult.,Texas Bluestar,Apocynaceae
67,Senecio flaccidus Less. var. flaccidus,Threadleaf Ragwort,Asteraceae
68,Zizania palustris L.,Northern Wildrice,Poaceae
69,Salix petiolaris Sm.,Meadow Willow,Salicaceae
70,Dichaetophora campestris A. Gray,Plainsdaisy,Asteraceae
71,Diarrhena americana P. Beauv.,American Beakgrain,Poaceae
72,Wissadula periplocifolia (L.) C. Presl ex Thwaites,White Velvetleaf,Malvaceae
73,Crataegus ambitiosa Sarg.,Grand Rapids Hawthorn,Rosaceae
74,Jeffersonia diphylla (L.) Pers.,Twinleaf,Berberidaceae
75,Polemonium eximium Greene,Skypilot,Polemoniaceae
76,Gentiana catesbaei Walter,Elliott's Gentian,Gentianaceae
77,Vanilla mexicana Mill.,Mexican Vanilla,Orchidaceae
78,Rhynchospora mixta Britton,Mingled Beaksedge,Cyperaceae
79,Omphalora arizonica (Tuck. ex Willey) T. Nash & Hafellner,Arizona Omphalora,Lecanoraceae
80,Hevea Aubl.,Hevea,Euphorbiaceae
81,Ipomoea ternifolia Cav.,Tripleleaf Morning-glory,Convolvulaceae
82,Xanthisma texanum DC. var. drummondii (Torr. & A. Gray) A. Gray,Drummond's Sleepydaisy,Asteraceae
83,Sclerocactus sileri (L.D. Benson) K.D. Heil & J.M. Porter,Siler Fishhook Cactus,Cactaceae
84,Sorbus sitchensis M. Roem. var. grayi (Wenzig) C.L. Hitchc.,Western Mountain Ash,Rosaceae
85,Ophioglossum L.,Adderstongue,Ophioglossaceae
86,Hibiscus schizopetalus (Dyer) Hook. f.,Fringed Rosemallow,Malvaceae
87,Thelypteris hispidula (Decne.) C.F. Reed var. versicolor (R.P. St. John) Lellinger,Roughhairy Maiden Fern,Thelypteridaceae
88,Lupinus bicolor Lindl. ssp. tridentatus (Eastw. ex C.P. Sm.) D. Dunn,Miniature Lupine,Fabaceae
89,Vigna radiata (L.) R. Wilczek,Mung Bean,Fabaceae
90,Stenogyne macrantha Benth.,Hawai'i Stenogyne,Lamiaceae
91,Achyranthes japonica (Miq.) Nakai,Japanese Chaff Flower,Amaranthaceae
92,Rinodina archaea (Ach.) Arnold,Rinodina Lichen,Physciaceae
93,Leptogium adpressum Nyl.,Skin Lichen,Collemataceae
94,Enydra fluctuans Lour.,Buffalo-spinach,Asteraceae
95,Draba cuneifolia Nutt. ex Torr. & A. Gray var. sonorae (Greene) Parish,Sonora Draba,Brassicaceae
96,Schaereria endocyanea (Stirt.) Hertel & Gotth. Schneid.,Schaereria Lichen,Schaereriaceae
97,Bambusa tulda Roxb.,Bamboo,Poaceae
98,Rorippa curvisiliqua (Hook.) Besser ex Britton,Curvepod Yellowcress,Brassicaceae
99,Barbarea verna (Mill.) Asch.,Early Yellowrocket,Brassicaceae
100,Arceuthobium occidentale Engelm.,Gray Pine Dwarf Mistletoe,Viscaceae
101,Limnosciadium pinnatum (DC.) Mathias & Constance,Tansy Dogshade,Apiaceae
102,Cnicus L.,Cnicus,Asteraceae
103,Madia elegans D. Don ex Lindl. ssp. densifolia (Greene) D.D. Keck,Showy Tarweed,Asteraceae
104,Centaurea trichocephala M. Bieb. ex Willd.,Feather-head Knapweed,Asteraceae
105,Huperzia serrata (Thunb.) Trevis.,Toothed Clubmoss,Lycopodiaceae
106,Ziziphus celata W.S. Judd & D.W. Hall,Florida Jujube,Rhamnaceae
107,Angelica kingii (S. Watson) J.M. Coult. & Rose,King's Angelica,Apiaceae
108,Rumex salicifolius Weinm. var. angustivalvis Danser,Willow Dock,Polygonaceae
109,Renanthera Lour.,Renanthera,Orchidaceae
110,Lechea racemulosa Michx.,Illinois Pinweed,Cistaceae
111,Aureolaria grandiflora (Benth.) Pennell var. pulchra Pennell,Largeflower Yellow False Foxglove,Scrophulariaceae
112,Lechea maritima Leggett ex Britton, Sterns & Poggenb.,Beach Pinweed,Cistaceae
113,Senecio cannabinifolius Hook. & Arn.,Hempleaf Ragwort,Asteraceae
114,Trifolium brandegeei S. Watson,Brandegee's Clover,Fabaceae
115,Usnea leucosticta Vain.,Beard Lichen,Parmeliaceae
116,Glyceria melicaria (Michx.) F.T. Hubbard,Melic Mannagrass,Poaceae
117,Collinsia rattanii A. Gray ssp. glandulosa (Howell) Pennell,Sticky Blue Eyed Mary,Scrophulariaceae
118,Geranium kauaiense (Rock) H. St. John,Kauai Geranium,Geraniaceae
119,Petrophytum caespitosum (Nutt.) Rydb.,Mat Rockspirea,Rosaceae
120,Drynaria (Bory) J. Sm.,Basket Fern,Polypodiaceae
121,Ungnadia Endl.,Ungnadia,Sapindaceae
122,Encalypta sibirica (Weinm.) Warnst.,Siberian Candle Snuffer Moss,Encalyptaceae
123,Carex microchaeta T. Holm,Smallawned Sedge,Cyperaceae
124,Sphinctrina anglica Nyl.,Sphinctrina Lichen,Sphinctrinaceae
125,Scleria havanensis Britton,Havana Nutrush,Cyperaceae
126,Diodia teres Walter,Poorjoe,Rubiaceae
127,Hibiscus arnottianus A. Gray,White Rosemallow,Malvaceae
128,Penstemon tubaeflorus Nutt.,White Wand Beardtongue,Scrophulariaceae
129,Cornus mas L.,Cornelian Cherry,Cornaceae
130,Polycnemum arvense L.,Field Needleleaf,Chenopodiaceae
131,Cuscuta polygonorum Engelm.,Smartweed Dodder,Cuscutaceae
132,Eleocharis olivacea Torr.,Bright Green Spikerush,Cyperaceae
133,Rudbeckia fulgida Aiton,Orange Coneflower,Asteraceae
134,Saussurea viscida Hultén,Sticky Saw-wort,Asteraceae
135,Astragalus megacarpus (Nutt.) A. Gray,Great Bladdery Milkvetch,Fabaceae
136,Clematis addisonii Britton,Addison's Leather Flower,Ranunculaceae
137,Escobaria sandbergii Castetter, Pierce & Schwerin,San Andres Mountain Foxtail Cactus,Cactaceae
138,Abronia ameliae Lundell,Amelia's Sand Verbena,Nyctaginaceae
139,Cryptantha micrantha (Torr.) I.M. Johnst. var. lepida (A. Gray) I.M. Johnst.,Redroot Cryptantha,Boraginaceae
140,Nothocalais (A. Gray) Greene,False Dandelion,Asteraceae
141,Kallstroemia hirsutissima Vail ex Small,Hairy Caltrop,Zygophyllaceae
142,Rhynchosia difformis (Elliott) DC.,Doubleform Snoutbean,Fabaceae
143,Draba hyperborea (L.) Desv.,North Pacific Draba,Brassicaceae
144,Thelypteris ovata R.P. St. John var. lindheimeri (C. Chr.) A.R. Sm.,Lindheimer's Marsh Fern,Thelypteridaceae
145,Ranunculus alismifolius Geyer ex Benth. var. alismellus A. Gray,Plantainleaf Buttercup,Ranunculaceae
146,Wikstroemia hanalei Wawra,Lavafield False Ohelo,Thymelaeaceae
147,Carex stylosa C.A. Mey.,Variegated Sedge,Cyperaceae
148,Symphyotrichum oolentangiense (Riddell) G.L. Nesom,Skyblue Aster,Asteraceae
149,Eupatorium anomalum Nash,Florida Thoroughwort,Asteraceae
150,Eragrostis fosbergii Whitney,Fosberg's Lovegrass,Poaceae
151,Mimosa pudica L. var. unijuga (Duchass. & Walp.) Griseb.,Shameplant,Fabaceae
152,Parakmeria Hu & Cheng,Parakmeria,Magnoliaceae
153,Rhizocarpon expallescens Th. Fr.,Map Lichen,Rhizocarpaceae
154,Cyperus flexuosus Vahl,Vahl's Flatsedge,Cyperaceae
155,Agalinis navasotensis M. Dubrule & J. Canne-Hilliker,Navasota False Foxglove,Scrophulariaceae
156,Arthothelium anastomosans (Ach.) Arnold,Arthothelium Lichen,Uncertain Ascomycota Family
157,Atriplex klebergorum M.C. Johnst.,Kleberg's Saltbush,Chenopodiaceae
158,Digitaria floridana Hitchc.,Florida Crabgrass,Poaceae
159,Carex mckittrickensis P.W. Ball,Guadalupe Mountain Sedge,Cyperaceae
160,Phlox pilosa L. ssp. detonsa (A. Gray) Wherry,Downy Phlox,Polemoniaceae
161,Listera ovata (L.) R. Br.,Eggleaf Twayblade,Orchidaceae
162,Cryptantha maritima (Greene) Greene var. pilosa I.M. Johnst.,Guadalupe Cryptantha,Boraginaceae
163,Argemone pleiacantha Greene ssp. pinnatisecta G.B. Ownbey,Southwestern Pricklypoppy,Papaveraceae
164,Rudbeckia triloba L. var. triloba,Browneyed Susan,Asteraceae
165,Crepis runcinata (James) Torr. & A. Gray ssp. hallii Babc. & Stebbins,Hall's Hawksbeard,Asteraceae
166,Dysphania plantaginella F. Muell.,Dwarf-flower,Chenopodiaceae
167,Prosthechea cochleata (L.) W.E. Higgins var. triandra (Ames) W.E. Higgins,Clamshell Orchid,Orchidaceae
168,Selaginella plana (Desv. ex Poir.) Hieron.,Asian Spikemoss,Selaginellaceae
169,Helianthus ×ambiguus (A. Gray) Britton (pro sp.),Sunflower,Asteraceae
170,Tradescantia leiandra Torr. var. glandulosa (Correll) Gandhi,Canyon Spiderwort,Commelinaceae
171,Malperia S. Watson,Malperia,Asteraceae
172,Elaphoglossum rigidum (Aubl.) Urb.,Stiff Tonguefern,Dryopteridaceae
173,Tricharia Fée,Tricharia Lichen,Gomphillaceae
174,Astragalus siliceus Barneby,Flint Mountain Milkvetch,Fabaceae
175,Rosa L.,Rose,Rosaceae
176,Eremochloa ciliaris (L.) Merr.,Fringed Centipede Grass,Poaceae
177,Bauhinia yunnanensis Franch.,Yunnan Bauhinia,Fabaceae
178,Achnatherum lemmonii (Vasey) Barkworth var. pubescens (Crampton) Barkworth,Pubescent Lemmon's Needlegrass,Poaceae
179,Phaeophyscia endococcina (Körb.) Moberg,Wreath Lichen,Physciaceae
180,Astragalus conjunctus S. Watson,Idaho Milkvetch,Fabaceae
181,Helenium puberulum DC.,Rosilla,Asteraceae
182,Rinodina papillata H. Magn.,Papillate Rinodina Lichen,Physciaceae
183,Didymodon johansenii (R.S. Williams) H.A. Crum,Johansen's Didymodon Moss,Pottiaceae
184,Platismatia glauca (L.) W.L. Culb. & C.F. Culb.,Ragged Lichen,Parmeliaceae
185,Bruguiera gymnorhiza (L.) Lam. ex Savigny,Oriental Mangrove,Rhizophoraceae
186,Flaveria floridana J.R. Johnst.,Florida Yellowtops,Asteraceae
187,Sagina maxima A. Gray ssp. crassicaulis (S. Watson) Crow,Stickystem Pearlwort,Caryophyllaceae
188,Calluna Salisb.,Heather,Ericaceae
189,Maytenus ponceana Britton,Ponce Mayten,Celastraceae
190,Justicia wrightii A. Gray,Wright's Waterwillow,Acanthaceae
191,Hyptis atrorubens Poit.,Marubio Oscuro,Lamiaceae
192,Achyronychia cooperi Torr. & A. Gray,Onyxflower,Caryophyllaceae
193,Centaurea calcitrapa L.,Red Star-thistle,Asteraceae
194,Melampyrum lineare Desr. var. lineare,Narrowleaf Cowwheat,Scrophulariaceae
195,Liriope Lour.,Lilyturf,Liliaceae
196,Thelypteris hispidula (Decne.) C.F. Reed,Roughhairy Maiden Fern,Thelypteridaceae
197,Corydalis curvisiliqua Engelm.,Curvepod Fumewort,Fumariaceae
198,Linum rigidum Pursh,Stiffstem Flax,Linaceae
199,Castilleja hispida Benth. ssp. hispida,Harsh Indian Paintbrush,Scrophulariaceae
200,Listera borealis Morong,Northern Twayblade,Orchidaceae
201,Astragalus lentiginosus Douglas ex Hook. var. maricopae Barneby,Maricopa Milkvetch,Fabaceae
202,Telfairia Hook.,Telfairia,Cucurbitaceae
203,Myriophyllum pinnatum (Walter) Britton, Sterns & Poggenb.,Cutleaf Watermilfoil,Haloragaceae
204,Heracleum L.,Cowparsnip,Apiaceae
205,Pterogonium Sm.,Pterogonium Moss,Leucodontaceae
206,Tetraneuris acaulis (Pursh) Greene,Stemless Four-nerve Daisy,Asteraceae
207,Chloris cubensis Hitchc. & Ekman ex Hitchc.,Cuban Windmill Grass,Poaceae
208,Hymenocallis godfreyi G. Lom. Sm. & Darst,Godfrey's Spiderlily,Liliaceae
209,Lecanora symmicta (Ach.) Ach.,Rim Lichen,Lecanoraceae
210,Carex senta Boott,Swamp Carex,Cyperaceae
211,Campylocentrum micranthum (Lindl.) Maury,Fairy Bentspur Orchid,Orchidaceae
212,Setaria reverchonii (Vasey) Pilg. ssp. ramiseta (Scribn.) W.E. Fox,Rio Grande Bristlegrass,Poaceae
213,Chaerophyllum L.,Chervil,Apiaceae
214,Erigeron sanctarum S. Watson,Saints Fleabane,Asteraceae
215,Coffea canephora Pierre ex Froehner,Robusta Coffee,Rubiaceae
216,Carex albonigra Mack.,Blackandwhite Sedge,Cyperaceae
217,Actaea L.,Baneberry,Ranunculaceae
218,Senna artemisioides (Gaudich. ex DC.) Randell ssp. ×sturtii (R. Br.) Randell,Dense Cassia,Fabaceae
219,Pithecellobium bahamense Northr.,Blackbead,Fabaceae
220,Crepis modocensis Greene,Modoc Hawksbeard,Asteraceae
221,Guilleminea densa (Humb. & Bonpl. ex Schult.) Moq. var. densa,Small Matweed,Amaranthaceae
222,Trillium ovatum Pursh ssp. oettingeri Munz & Thorne,Oettinger's Trillium,Liliaceae
223,Clarkia purpurea (W. Curtis) A. Nelson & J.F. Macbr. ssp. purpurea,Winecup Clarkia,Onagraceae
224,Gahnia vitiensis Rendle,Fijian Sawsedge,Cyperaceae
225,Eriophyllum lanatum (Pursh) Forbes var. lanceolatum (Howell) Jeps.,Common Woolly Sunflower,Asteraceae
226,Anisomeridium carinthiacum (J. Steiner) R.C. Harris,Anisomeridium Lichen,Monoblastiaceae
227,Galium kamtschaticum Steller ex Schult. & Schult. f.,Boreal Bedstraw,Rubiaceae
228,Calliscirpus brachythrix C.N. Gilmour, J.R. Starr & Naczi,Short-hair Cottongrass,Cyperaceae
229,Symphyotrichum patens (Aiton) G.L. Nesom,Late Purple Aster,Asteraceae
230,Betula papyrifera Marshall var. kenaica (W.H. Evans) A. Henry,Kenai Birch,Betulaceae
231,Ratibida peduncularis (Torr. & A. Gray) Barnhart var. picta (A. Gray) Sharp,Naked Mexicanhat,Asteraceae
232,Phoradendron trinervium (Lam.) Griseb.,Angled Mistletoe,Viscaceae
233,Marshallia grandiflora Beadle & F.E. Boynt.,Monongahela Barbara's Buttons,Asteraceae
234,Buelliella minimula (Tuck.) Fink,Buelliella Lichen,Physciaceae
235,Cordia podocephala Torr.,Texas Manjack,Boraginaceae
236,Viola ×malteana House,Hybrid Violet,Violaceae
237,Ericameria greenei (A. Gray) G.L. Nesom,Greene's Goldenbush,Asteraceae
238,Penstemon versicolor Pennell,Variable-color Beardtongue,Scrophulariaceae
239,Camissonia scapoidea (Nutt. ex Torr. & A. Gray) P.H. Raven ssp. macrocarpa (P.H. Raven) P.H. Raven,Paiute Suncup,Onagraceae
240,Celtis L.,Hackberry,Ulmaceae
241,×Calammophila Brand,Calammophila,Poaceae
242,Ephemerum Hampe,Ephemerum Moss,Ephemeraceae
243,Sphaerophysa DC.,Sphaerophysa,Fabaceae
244,Heliotropium anomalum Hook. & Arn. var. argenteum A. Gray,Polynesian Heliotrope,Boraginaceae
245,Carex ozarkana P. Rothr. & Reznicek,Ozark Sedge,Cyperaceae
246,Costus scaber Ruiz & Pav.,Spiral Ginger,Costaceae
247,Piptatheropsis Romasch., P.M. Peterson & R. J. Soreng,Ricegrass,Poaceae
248,Arthonia pyrrhuliza Nyl.,Dot Lichen,Arthoniaceae
249,Arctotis stoechadifolia P.J. Bergius,African Daisy,Asteraceae
250,Valerianella locusta (L.) Lat.,Lewiston Cornsalad,Valerianaceae
251,Rhizocarpon lecanorinum Anders,Lecanora Map Lichen,Rhizocarpaceae
252,Poa arctica R. Br. ssp. lanata (Scribn. & Merr.) Soreng,Arctic Bluegrass,Poaceae
253,Mammillaria tetrancistra Engelm.,Common Fishhook Cactus,Cactaceae
254,Perideridia gairdneri (Hook. & Arn.) Mathias ssp. borealis T.I. Chuang & Constance,Common Yampah,Apiaceae
255,Phytolacca bogotensis Kunth,Southern Pokeweed,Phytolaccaceae
256,Solidago wrightii A. Gray,Wright's Goldenrod,Asteraceae
257,Carex tonsa (Fernald) E.P. Bicknell var. rugosperma (Mack.) Crins,Parachute Sedge,Cyperaceae
258,Sphagnum rubroflexuosum R.E. Andrus,Sphagnum,Sphagnaceae
259,Phlox variabilis Brand,Variegated Phlox,Polemoniaceae
260,Juniperus wallichiana Hook. f. & Thomson ex Brandis,Black Juniper,Cupressaceae
261,Mentzelia collomiae C.M. Christy,Sunset Crater Blazingstar,Loasaceae
262,Carex garberi Fernald,Elk Sedge,Cyperaceae
263,Phacelia glandulifera Piper,Sticky Phacelia,Hydrophyllaceae
264,Hypericum ascyron L.,Great St. Johnswort,Clusiaceae
265,Holodiscus (K. Koch) Maxim.,Oceanspray,Rosaceae
266,Lecidella wulfenii (Hepp) Körb.,Wulfen's Lecidella Lichen,Lecanoraceae
267,Amberboa (Pers.) Less.,Amberboa,Asteraceae
268,Chamaesyce gracillima (S. Watson) Millsp.,Mexican Sandmat,Euphorbiaceae
269,Cyphelium brachysporum Nadv.,Soot Lichen,Caliciaceae
270,Anemone lancifolia Pursh,Mountain Thimbleweed,Ranunculaceae
271,Oligotrichum parallelum (Mitt.) Kindb.,Oligotrichum Moss,Polytrichaceae
272,Symphyotrichum urophyllum (Lindl.) G.L. Nesom,White Arrowleaf Aster,Asteraceae
273,Ceanothus ×vanrensselaeri J.B. Roof,Ceanothus,Rhamnaceae
274,Eriogonum insigne S. Watson,Ladder Buckwheat,Polygonaceae
275,Sclerophora nivea (Hoffm.) Tibell,Sclerophora Lichen,Coniocybaceae
276,Xanthoparmelia planilobata (Gyel.) Hale,Xanthoparmelia Lichen,Parmeliaceae
277,Eutrochium steelei (E.E. Lamont) E.E. Lamont,Steele's Eupatorium,Asteraceae
278,Liriope graminifolia (L.) Baker,Lilyturf,Liliaceae
279,Eriodictyon trichocalyx A. Heller var. trichocalyx,Hairy Yerba Santa,Hydrophyllaceae
280,Calamagrostis porteri A. Gray,Porter's Reedgrass,Poaceae
281,Bromus anomalus Rupr. ex Fourn.,Nodding Brome,Poaceae
282,Smilax walteri Pursh,Coral Greenbrier,Smilacaceae
283,Syzygium paniculatum Gaertn.,Brush Cherry,Myrtaceae
284,Sphagnum majus (Russow) C.E.O. Jensen ssp. norvegica Flatberg,Sphagnum,Sphagnaceae
285,Encelia resinifera C. Clark ssp. tenuifolia C. Clark,Sticky Brittlebush,Asteraceae
286,Eupatorium compositifolium Walter,Yankeeweed,Asteraceae
287,Calliandra iselyi B.L. Turner,Isely's Stickpea,Fabaceae
288,Bidens ferulifolia (Jacq.) DC.,Apache Beggarticks,Asteraceae
289,Mentzelia jonesii (Urb. & Gilg) H.J. Thomp. & Roberts,Jones' Blazingstar,Loasaceae
290,Eremospatha macrocarpa (G. Mann & H.A. Wendl.) G. Mann & H.A. Wendl.,Rattan Palm,Arecaceae
291,Paspalum laeve Michx.,Field Paspalum,Poaceae
292,Opuntia austrina Small,Devil's-tongue,Cactaceae
293,Menegazzia A. Massal.,Honeycombed Lichen,Parmeliaceae
294,Ramalina americana Hale,American Cartilage Lichen,Ramalinaceae
295,Prunus eremophila Prigge,Mojave Desert Plum,Rosaceae
296,Rosa wichuraiana Crép.,Memorial Rose,Rosaceae
297,Blepharizonia plumosa (Kellogg) Greene ssp. viscida D.D. Keck,Big Tarweed,Asteraceae
298,Chamaesyce deltoidea (Engelm. ex Chapm.) Small ssp. adhaerens (Small) Herndon,Wedge Sandmat,Euphorbiaceae
299,Gentiana saponaria L. var. saponaria,Harvestbells,Gentianaceae
300,Anulocaulis leiosolenus (Torr.) Standl. var. gypsogenus (Waterf.) Spellenb. & Wootten,Gypsum Ringstem,Nyctaginaceae
301,Cnemidaria C. Presl,Cnemidaria,Cyatheaceae
302,Matthiola incana (L.) W.T. Aiton,Tenweeks Stock,Brassicaceae
303,Oncophorus virens (Hedw.) Brid.,Oncophorus Moss,Dicranaceae
304,Aquilegia triternata Payson,Chiricahua Mountain Columbine,Ranunculaceae
305,Stachys floridana Shuttlw. ex Benth.,Florida Hedgenettle,Lamiaceae
306,Aciphylla ferox W.R.B. Oliv.,Fierce Spaniard,Apiaceae
307,Pedicularis canadensis L. ssp. canadensis,Canadian Lousewort,Scrophulariaceae
308,Caloplaca cladodes (Tuck.) Zahlbr.,Orange Lichen,Teloschistaceae
309,Sarracenia ×formosa Veitch ex Masters,Pitcherplant,Sarraceniaceae
310,Vicia americana Muhl. ex Willd. ssp. americana,American Vetch,Fabaceae
311,Phacelia denticulata Osterh.,Rocky Mountain Phacelia,Hydrophyllaceae
312,Tridax L.,Tridax,Asteraceae
313,Cuscuta megalocarpa Rydb.,Bigfruit Dodder,Cuscutaceae
314,Oenothera deltoides Torr. & Frém. ssp. howellii (Munz) W. Klein,Antioch Dunes Evening Primrose,Onagraceae
315,Santalum freycinetianum Gaudich. var. lanaiense Rock,Lanai Sandalwood,Santalaceae
316,Rhododendron carolinianum Rehder,Carolina Azalea,Ericaceae
317,Muhlenbergia ×curtisetosa (Scribn.) Bush (pro sp.),Muhly,Poaceae
318,Lysimachia kahiliensis H. St. John,Kahili Ridge Yellow Loosestrife,Primulaceae
319,Erigeron subtrinervis Rydb. ex Porter & Britton var. conspicuus (Rydb.) Cronquist,Threenerve Fleabane,Asteraceae
320,Achnatherum occidentale (Thurb.) Barkworth ssp. occidentale,Western Needlegrass,Poaceae
321,Wahlenbergia marginata (Thunb.) A. DC.,Southern Rockbell,Campanulaceae
322,Tillandsia paucifolia Baker,Potbelly Airplant,Bromeliaceae
323,Xanthoparmelia substenophylloides Hale,Xanthoparmelia Lichen,Parmeliaceae
324,Wislizenia Engelm.,Wislizenia,Capparaceae
325,Woodwardia radicans (L.) J. Sm.,Rooting Chainfern,Blechnaceae
326,Lonicera ×bella Zabel,Showy Fly Honeysuckle,Caprifoliaceae
327,Salix atrocinerea Brot.,Large Gray Willow,Salicaceae
328,Amaranthus bigelovii Uline & Bray,Bigelow's Amaranth,Amaranthaceae
329,Hypochaeris brasiliensis (Less.) Benth. & Hook. ex Griseb. var. tweediei (Hook. & Arn.) Baker,Tweedy's Cat's Ear,Asteraceae
330,Ipomoea hederacea Jacq.,Ivyleaf Morning-glory,Convolvulaceae
331,Phlox griseola Wherry,Grayleaf Phlox,Polemoniaceae
332,Parmotrema crinitum (Ach.) M. Choisy,Parmotrema Lichen,Parmeliaceae
333,Carpinus coreana Nakai,Korean Hornbeam,Betulaceae
334,Phacelia austromontana J.T. Howell,Southern Sierra Phacelia,Hydrophyllaceae
335,Macromeria viridiflora DC.,Giant-trumpets,Boraginaceae
336,Colutea arborescens L.,Bladder Senna,Fabaceae
337,Chrysothamnus depressus Nutt.,Longflower Rabbitbrush,Asteraceae
338,Aphanostephus skirrhobasis (DC.) Trel. var. skirrhobasis,Arkansas Dozedaisy,Asteraceae
339,Phlox buckleyi Wherry,Swordleaf Phlox,Polemoniaceae
340,Bulbostylis ciliatifolia (Elliott) Fernald var. coarctata (Elliott) Kral,Capillary Hairsedge,Cyperaceae
341,Cladonia crispata (Ach.) Flotow var. cetrariiformis (Delise) Vain.,Cup Lichen,Cladoniaceae
342,Polytrichastrum alpinum (Hedw.) G.L. Sm.,Alpine Polytrichastrum Moss,Polytrichaceae
343,Lepidium dictyotum A. Gray var. acutidens A. Gray,Alkali Pepperwort,Brassicaceae
344,Rumex confertus Willd.,Asiatic Dock,Polygonaceae
345,Bryum wrightii Sull. & Lesq.,Wright's Bryum Moss,Bryaceae
346,Rudbeckia missouriensis Engelm. ex C.L. Boynt. & Beadle,Missouri Orange Coneflower,Asteraceae
347,Lycopodium venustulum Gaudich. var. venustulum,Hairtip Clubmoss,Lycopodiaceae
348,Gentiana ×pallidocyanea J. Pringle,Gentian,Gentianaceae
349,Asterothyrium rotuliforme (Müll. Arg.) Serus.,Asterothyrium Lichen,Thelotremataceae
350,Rinodina mniaroeiza (Nyl.) Arnold,Rinodina Lichen,Physciaceae
351,Astragalus curvicarpus (A. Heller) J.F. Macbr. var. brachycodon (Barneby) Barneby,Curvepod Milkvetch,Fabaceae
352,Leersia oryzoides (L.) Sw.,Rice Cutgrass,Poaceae
353,Salix ×seringeana Gaudin,Seringe Willow,Salicaceae
354,Dimelaena oreina (Ach.) Norman,Mountain Lichen,Physciaceae
355,Populus ×acuminata Rydb. (pro sp.),Lanceleaf Cottonwood,Salicaceae
356,Tillandsia borinquensis Cedeño-Mald. & Proctor,Fescue Airplant,Bromeliaceae
357,Arnoglossum album L.C. Anderson,Bay County Indian Plantain,Asteraceae
358,Saxifraga nidifica Greene var. nidifica,Peak Saxifrage,Saxifragaceae
359,Spermacoce latifolia Aubl.,Oval-leaf False Buttonweed,Rubiaceae
360,Scrophularia californica Cham. & Schltdl.,California Figwort,Scrophulariaceae
361,Pleomele halapepe H. St. John,Royal Hala Pepe,Liliaceae
362,Arceuthobium gillii Hawksw. & Wiens,Huachuca Mountain Dwarf Mistletoe,Viscaceae
363,Heterodermia appalachensis (Kurok.) W.L. Culb.,Appalachian Shield Lichen,Physciaceae
364,Ranunculus flammula L.,Greater Creeping Spearwort,Ranunculaceae
365,Pterocarpus indicus Willd.,Pterocarpus,Fabaceae
366,Equisetum laevigatum A. Braun,Smooth Horsetail,Equisetaceae
367,Draba paucifructa Clokey & C.L. Hitchc.,Charleston Mountain Draba,Brassicaceae
368,Silphium compositum Michx. var. compositum,Kidneyleaf Rosinweed,Asteraceae
369,Eleocharis nitida Fernald,Quill Spikerush,Cyperaceae
370,Crossosoma Nutt.,Rockflower,Crossosomataceae
371,Nigella hispanica L.,Spanish Fennel,Ranunculaceae
372,Origanum L.,Origanum,Lamiaceae
373,Arctostaphylos viscida Parry ssp. pulchella (Howell) P.V. Wells,Sticky Whiteleaf Manzanita,Ericaceae
374,Decodon J.F. Gmel.,Decodon,Lythraceae
375,Grindelia havardii Steyerm.,Havard's Gumweed,Asteraceae
376,Hedyotis foggiana Fosberg,Kauai Starviolet,Rubiaceae
377,Sphagnum palustre L.,Prairie Sphagnum,Sphagnaceae
378,Allantoparmelia (Vain.) Essl.,Allantoparmelia Lichen,Parmeliaceae
379,Solanum racemosum Jacq.,Canker Berry,Solanaceae
380,Hymenostylium recurvirostre (Hedw.) Dix.,Hymenostylium Moss,Pottiaceae
381,Brachythecium velutinum (Hedw.) Schimp.,Brachythecium Moss,Brachytheciaceae
382,Trifolium globosum L.,Round-head Clover,Fabaceae
383,Salix viminalis L.,Basket Willow,Salicaceae
384,Malvastrum corchorifolium (Desv.) Britton ex Small,False Mallow,Malvaceae
385,Lycopodium venustulum Gaudich. var. verticale W.H. Wagner,Hairtip Clubmoss,Lycopodiaceae
386,Delphinium depauperatum Nutt.,Slim Larkspur,Ranunculaceae
387,Candelariella stenospora de Lesd.,Eggyolk Lichen,Candelariaceae
388,Saxifraga hirculus L.,Yellow Marsh Saxifrage,Saxifragaceae
389,Tribulus cistoides L.,Jamaican Feverplant,Zygophyllaceae
390,Trichocoronis wrightii (Torr. & A. Gray) A. Gray,Limestone Bugheal,Asteraceae
391,Leptosiphon aureus (Nutt.) J.M. Porter & L.A. Johnson ssp. decorus (A. Gray) J.M. Porter & L.A. Johnson,Golden Linanthus,Polemoniaceae
392,Polygonella Michx.,Jointweed,Polygonaceae
393,Ipomopsis aggregata (Pursh) V.E. Grant ssp. aggregata,Scarlet Gilia,Polemoniaceae
394,Hibiscus furcellatus Lam. var. youngianus (Gaudich. ex Hook. & Arn.) Hochr.,Lindenleaf Rosemallow,Malvaceae
395,Coenogonium interpositum Nyl.,Coenogonium Lichen,Gyalectaceae
396,Iliamna crandallii (Rydb.) Wiggins,Crandall's Wild Hollyhock,Malvaceae
397,Geum canadense Jacq. var. texanum Fernald & Weath.,Texan Avens,Rosaceae
398,Aralia cordata Thunb.,Udo,Araliaceae
399,Erigeron foliosus Nutt. var. hartwegii (Greene) Jeps.,Hartweg's Fleabane,Asteraceae
400,Hosta Tratt.,Plantain Lily,Liliaceae
401,Linum sulcatum Riddell,Grooved Flax,Linaceae
402,Agave weberi Cels ex Poisson,Weber's Century Plant,Agavaceae
403,Corymbia calophylla (Lindl.) K.D. Hill & L.A.S. Johnson,Redgum,Myrtaceae
404,Carex amplifolia Boott,Bigleaf Sedge,Cyperaceae
405,Lupinus westianus Small,Gulf Coast Lupine,Fabaceae
406,Hazardia squarrosa (Hook. & Arn.) Greene,Sawtooth Goldenbush,Asteraceae
407,Dioscorea elephantipes (L'Hér.) Engl.,Hottentot-bread,Dioscoreaceae
408,Rubus plus L.H. Bailey,Hairyleaf Dewberry,Rosaceae
409,Philodendron hederaceum (Jacq.) Schott var. oxycardium (Schott) Croat,Heartleaf Philodendron,Araceae
410,Populus fremontii S. Watson ssp. fremontii,Fremont Cottonwood,Salicaceae
411,Ardisia Sw.,Marlberry,Myrsinaceae
412,Downingia bicornuta A. Gray,Doublehorn Calicoflower,Campanulaceae
413,Zahlbrucknerella californica Henssen,California Zahlbrucknerella Lichen,Lichinaceae
414,Tetrapterys Cav.,Tetrapterys,Malpighiaceae
415,Sematophyllum subpinnatum (Brid.) E. Britton,Sematophyllum Moss,Sematophyllaceae
416,Hemizonella (A. Gray) A. Gray,Tarweed,Asteraceae
417,Rhynchospora brachychaeta C. Wright,West Indian Beaksedge,Cyperaceae
418,Cladium californicum (S. Watson) O'Neill,California Sawgrass,Cyperaceae
419,Linaria dalmatica (L.) Mill. ssp. dalmatica,Dalmatian Toadflax,Scrophulariaceae
420,Brugmansia versicolor Lagerh.,Arborescent Angel's-tears,Solanaceae
421,Elytraria imbricata (Vahl) Pers.,Purple Scalystem,Acanthaceae
422,Tetraneuris torreyana (Nutt.) Greene,Torrey's Four-nerve Daisy,Asteraceae
423,Lecanora demissa (Flotow) Zahlbr.,Rim Lichen,Lecanoraceae
424,Phlox variabilis Brand ssp. nudata Wherry,Variegated Phlox,Polemoniaceae
425,Carex ×subreducta Lepage,Sedge,Cyperaceae
426,Horkelia californica Cham. & Schltdl. ssp. californica,California Horkelia,Rosaceae
427,Myrsine L.,Colicwood,Myrsinaceae
428,Physalis mollis Nutt.,Field Groundcherry,Solanaceae
429,Luculia Sweet,Luculia,Rubiaceae
430,Suaeda Forssk. ex J.F. Gmel.,Seepweed,Chenopodiaceae
431,Trachycystis Lindb.,Trachycystis Moss,Mniaceae
432,Mentzelia hualapaiensis J.J. Schenk, W.C. Hodgs., & L. Hufford,Hualapai Blazingstar,Loasaceae
433,Cirsium navajoense J.W. Moore & Frankton,Navajo Thistle,Asteraceae
434,Sagittaria calycina Engelm.,Hooded Arrowhead,Alismataceae
435,Linum arenicola (Small) Winkl.,Sand Flax,Linaceae
436,Vauquelinia corymbosa Humb. & Bonpl. ssp. angustifolia (Rydb.) Hess & Henrickson,Slimleaf Rosewood,Rosaceae
437,Stenorrhynchos speciosum (Jacq.) Rich. ex Spreng.,Latin American Lady Orchid,Orchidaceae
438,Polygonum meisnerianum Cham. & Schltdl. var. beyrichianum (Cham. & Schltdl.) Meisn.,Branched Tearthumb,Polygonaceae
439,Oenothera rosea L'Hér. ex Aiton,Rose Evening Primrose,Onagraceae
440,Lepidium latipes Hook. var. heckardii Rollins,Heckard's Pepperweed,Brassicaceae
441,Pogonia ophioglossoides (L.) Ker Gawl.,Snakemouth Orchid,Orchidaceae
442,Pediomelum californicum (S. Watson) Rydb.,California Indian Breadroot,Fabaceae
443,Rosa minutifolia Engelm.,Baja Rose,Rosaceae
444,Sidalcea oregana (Nutt. ex Torr. & A. Gray) A. Gray ssp. oregana var. nevadensis C.L. Hitchc.,Oregon Checkerbloom,Malvaceae
445,Heterotheca grandiflora Nutt.,Telegraphweed,Asteraceae
446,Galium hypotrichium A. Gray ssp. ebbettsense Dempster & Ehrend.,Ebbett's Bedstraw,Rubiaceae
447,Cyperus seslerioides Kunth,Texas Flatsedge,Cyperaceae
448,Scutellaria elliptica Muhl. ex Spreng. var. elliptica,Hairy Skullcap,Lamiaceae
449,Synthyris reniformis (Douglas ex Benth.) Benth. var. cordata A. Gray,Snowqueen,Scrophulariaceae
450,Collomia grandiflora Douglas ex Lindl.,Grand Collomia,Polemoniaceae
451,Agrostis hooveri Swallen,Hoover's Bentgrass,Poaceae
452,Adesmia microphylla Hook. & Arn.,Pahuen,Fabaceae
453,Malacomeles denticulata (Kunth) Engelm.,Southern False Serviceberry,Rosaceae
454,Pyrostegia C. Presl,Pyrostegia,Bignoniaceae
455,Phlox diffusa Benth. ssp. longistylis Wherry,Spreading Phlox,Polemoniaceae
456,Pohlia Hedw.,Pohlia Moss,Bryaceae
457,Rosa majalis J. Herrm.,Double Cinnamon Rose,Rosaceae
458,Phacelia gilioides Brand,Brand's Phacelia,Hydrophyllaceae
459,Aquilegia loriae S.L. Welsh & N.D. Atwood,Lori's Columbine,Ranunculaceae
460,Eupatorium glaucescens Elliott,Waxy Thoroughwort,Asteraceae
461,Enceliopsis argophylla (D.C. Eaton) A. Nelson,Silverleaf Sunray,Asteraceae
462,Scleropodium Schimp.,Scleropodium Moss,Brachytheciaceae
463,Collinsia heterophylla Buist ex Graham var. austromontana (Newsom) Munz,Purple Chinese Houses,Scrophulariaceae
464,Aspicilia arctica (Lynge) Oksner,Arctic Aspicilia,Hymeneliaceae
465,Plumeria rubra L.,Templetree,Apocynaceae
466,Cladonia caroliniana Tuck.,Carolina Cup Lichen,Cladoniaceae
467,Platanthera ×bicolor (Raf.) Luer (pro sp.),Fringed Orchid,Orchidaceae
468,Hastingsia bracteosa S. Watson,Largeflower Rushlily,Liliaceae
469,Mertensia umbratilis Greenm.,Shade Bluebells,Boraginaceae
470,Arabis repanda S. Watson var. greenei Jeps.,Greene's Rockcress,Brassicaceae
471,Mimosa ceratonia L.,Black Ambret,Fabaceae
472,Phleum L.,Timothy,Poaceae
473,Carex echinata Murray,Star Sedge,Cyperaceae
474,Centaurium multicaule B.L. Rob.,Manystem Centaury,Gentianaceae
475,Claytonia virginica L. var. virginica f. virginica,Virginia Springbeauty,Portulacaceae
476,Delphinium ×inflexum Davidson (pro sp.),Larkspur,Ranunculaceae
477,Douglasia idahoensis Douglass M. Hend.,Idaho Dwarf-primrose,Primulaceae
478,Astragalus limnocharis Barneby var. limnocharis,Cedar Breaks Milkvetch,Fabaceae
479,Amsonia fugatei S.P. McLaughlin,San Antonio Bluestar,Apocynaceae
480,Quercus hemisphaerica W. Bartram ex Willd. var. hemisphaerica,Darlington Oak,Fagaceae
481,Astragalus villosus Michx.,Bearded Milkvetch,Fabaceae
482,Rosa arvensis Huds.,Field Rose,Rosaceae
483,Verbesina walteri Shinners,Carolina Crownbeard,Asteraceae
484,Poa bolanderi Vasey,Bolander's Bluegrass,Poaceae
485,Cycladenia humilis Benth. var. venusta (Eastw.) Woodson ex Munz,Sacramento Waxydogbane,Apocynaceae
486,Platylomella lescurii (Sull.) Andrews,Lescur's Platylomella Moss,Amblystegiaceae
487,Lesquerella ×maxima (Rollins) Rollins,Bladderpod,Brassicaceae
488,Asclepias sullivantii Engelm. ex A. Gray,Prairie Milkweed,Asclepiadaceae
489,Plantago princeps Cham. & Schltdl.,Ale,Plantaginaceae
490,Chaenactis glabriuscula DC. var. megacephala A. Gray,Yellow Pincushion,Asteraceae
491,Madia radiata Kellogg,Golden Madia,Asteraceae
492,Opuntia ×curvospina Griffiths (pro sp.),Searchlight Pricklypear,Cactaceae
493,Chenopodium bonus-henricus L.,Good King Henry,Chenopodiaceae
494,Dactylorhiza Neck. ex Nevski,Keyflower,Orchidaceae
495,Proboscidea spicata Correll,New Mexico Unicorn-plant,Pedaliaceae
496,Palicourea guianensis Aubl.,Showy Cappel,Rubiaceae
497,Heterocyphelium Vain.,Heterocyphelium Lichen,Uncertain Ascomycota Family
498,Parkinsonia microphylla Torr.,Yellow Paloverde,Fabaceae
499,Platycerium bifurcatum (Cav.) C. Chr.,Elkhorn Fern,Polypodiaceae
500,Myrsine punctata (Levl.) Wilbur,Dotted Colicwood,Myrsinaceae
501,Sideroxylon lanuginosum Michx. ssp. rigidum (A. Gray) T.D. Penn.,Gum Bully,Sapotaceae
502,Saxifraga sibirica L.,Bract Saxifrage,Saxifragaceae
503,Antennaria parlinii Fernald ssp. fallax (Greene) Bayer & Stebbins,Parlin's Pussytoes,Asteraceae
504,Lycopus L.,Waterhorehound,Lamiaceae
505,Micarea assimilata (Nyl.) Coppins,Dot Lichen,Micareaceae
506,Setaria rariflora Mikan ex Trin.,Brazilian Bristlegrass,Poaceae
507,Hymenophyllum undulatum (Sw.) Sw.,Wavy Filmy Fern,Hymenophyllaceae
508,Umbilicaria polyphylla (L.) Baumg.,Manyleaf Navel Lichen,Umbilicariaceae
509,Atriplex canescens (Pursh) Nutt. var. canescens,Fourwing Saltbush,Chenopodiaceae
510,Erigeron supplex A. Gray,Supple Fleabane,Asteraceae
511,Polemonium reptans L. var. reptans,Greek Valerian,Polemoniaceae
512,Hyoscyamus albus L.,White Henbane,Solanaceae
513,Solidago macrophylla Pursh,Largeleaf Goldenrod,Asteraceae
514,Oxytropis besseyi (Rydb.) Blank. var. ventosa (Greene) Barneby,Bessey's Locoweed,Fabaceae
515,Viola beckwithii Torr. & A. Gray ssp. glabrata M.S. Baker,Western Pansy,Violaceae
516,Cyrtandra polyantha C.B. Clarke,Niu Valley Cyrtandra,Gesneriaceae
517,Leucothrinax C.Lewis & Zona,White Thatch Palm,Arecaceae
518,Ipomopsis longiflora (Torr.) V.E. Grant,Flaxflowered Ipomopsis,Polemoniaceae
519,Bromus ramosus Huds.,Hairy Brome,Poaceae
520,Hybanthus attenuatus (Humb. & Bonpl. ex Schult.) Schulze-Menz,Western Greenviolet,Violaceae
521,Diodia dasycephala Cham. & Schltdl.,Carretilla,Rubiaceae
522,Rottboellia cochinchinensis (Lour.) W.D. Clayton,Itchgrass,Poaceae
523,Polygonum argyrocoleon Steud. ex Kunze,Silversheath Knotweed,Polygonaceae
524,Physalis virginiana Mill. var. texana (Rydb.) Waterf.,Texan Groundcherry,Solanaceae
525,Microstachys Juss.,Microstachys,Euphorbiaceae
526,Clidemia D. Don,Clidemia,Melastomataceae
527,Cistus monspeliensis L.,Montpelier Cistus,Cistaceae
528,Caloplaca Th. Fr.,Orange Lichen,Teloschistaceae
529,Solmsiella Müll. Hal.,Solmsiella Moss,Erpodiaceae
530,Allionia choisyi Standl.,Annual Windmills,Nyctaginaceae
531,Aplectrum hyemale (Muhl. ex Willd.) Torr.,Adam And Eve,Orchidaceae
532,Astragalus peckii Piper,Peck's Milkvetch,Fabaceae
533,Securigera securidaca (L.) O. Deg. & Dorf.,Goat Pea,Fabaceae
534,Lycium andersonii A. Gray var. deserticola (C.L. Hitchc.) C.L. Hitchc. ex Munz,Water Jacket,Solanaceae
535,Crataegus dilatata Sarg.,Broadleaf Hawthorn,Rosaceae
536,Neonotonia wightii (Wight & Arn.) Lackey var. mearnsii (De Wild.) Lackey,Mearns' Neonotonia,Fabaceae
537,Cyrtandra pickeringii A. Gray,Pickering's Cyrtandra,Gesneriaceae
538,Bacidia circumspecta (Nyl. ex Vain.) Malme,Circumspect Dotted Lichen,Bacidiaceae
539,Astragalus miser Douglas ex Hook. var. oblongifolius (Rydb.) Cronquist,Timber Milkvetch,Fabaceae
540,Asplenium ruta-muraria L. var. lanceolum Christ,Lance Asplenium,Aspleniaceae
541,Potentilla drummondii Lehm. ssp. breweri (S. Watson) Ertter,Drummond's Cinquefoil,Rosaceae
542,Hedysarum boreale Nutt. ssp. boreale,Utah Sweetvetch,Fabaceae
543,Physalis viscosa L.,Starhair Groundcherry,Solanaceae
544,Picris L.,Oxtongue,Asteraceae
545,Sanicula trifoliata E.P. Bicknell,Largefruit Blacksnakeroot,Apiaceae
546,Ipomoea cordifolia Carey ex Voight,Heartleaf Morning-glory,Convolvulaceae
547,Baccharis thesioides Kunth,Arizona Baccharis,Asteraceae
548,Coreopsis grandiflora Hogg ex Sweet,Largeflower Tickseed,Asteraceae
549,Lappula occidentalis (S. Watson) Greene var. cupulata (A. Gray) Higgins,Flatspine Stickseed,Boraginaceae
550,Ipomopsis congesta (Hook.) V.E. Grant ssp. congesta,Ballhead Ipomopsis,Polemoniaceae
551,Chrysothamnus greenei (A. Gray) Greene,Greene's Rabbitbrush,Asteraceae
552,Bryum flaccidum Brid.,Bryum Moss,Bryaceae
553,Xanthium strumarium L. var. strumarium,Rough Cocklebur,Asteraceae
554,Youngia japonica (L.) DC.,Oriental False Hawksbeard,Asteraceae
555,Psychotria hexandra H. Mann ssp. hexandra var. hexandra,Woodland Wild Coffee,Rubiaceae
556,Rhizocarpon eupetraeum (Nyl.) Arnold,Map Lichen,Rhizocarpaceae
557,Penstemon eriantherus Pursh var. eriantherus,Fuzzytongue Penstemon,Scrophulariaceae
558,Trillium grandiflorum (Michx.) Salisb.,White Trillium,Liliaceae
559,Pholistoma Lilja,Fiestaflower,Hydrophyllaceae
560,Crataegus williamsii Eggl.,Williams' Hawthorn,Rosaceae
561,Oenothera laciniata Hill,Cutleaf Evening Primrose,Onagraceae
562,Vittaria Sm.,Shoestring Fern,Vittariaceae
563,Loeseliastrum (Brand) Timbrook,Calico,Polemoniaceae
564,Arthonia radiata (Pers.) Ach.,Dot Lichen,Arthoniaceae
565,Physconia muscigena (Ach.) Poelt,Frosted Lichen,Physciaceae
566,Psychotria domingensis Jacq.,Cheakyberry,Rubiaceae
567,Asplenium caudatum G. Forst.,Speenwort,Aspleniaceae
568,Lepanthes veleziana Stimson var. veleziana,Puerto Rico Babyboot Orchid,Orchidaceae
569,Lecidea dolodes Nyl.,Lecidea Lichen,Lecideaceae
570,Euphorbia polyphylla Engelm. ex Holz.,Lesser Florida Spurge,Euphorbiaceae
571,Acalypha amentacea Roxb.,Catch Me If You Can,Euphorbiaceae
572,Thelypodiopsis aurea (Eastw.) Rydb.,Durango Tumblemustard,Brassicaceae
573,Vernicia montana Lour.,Mu Oil Tree,Euphorbiaceae
574,Cladonia amaurocraea (Flörke) Schaerer,Cup Lichen,Cladoniaceae
575,Lloydia serotina (L.) Salisb. ex Rchb. var. flava (Calder & Roy L. Taylor) B. Boivin,Alpine Lily,Liliaceae
576,Hieracium fendleri Sch. Bip. var. mogollense A. Gray,Mogollon Hawkweed,Asteraceae
577,Mertensia ciliata (James ex Torr.) G. Don var. ciliata,Tall Fringed Bluebells,Boraginaceae
578,Diellia mannii (D.C. Eaton) W.J. Rob.,Mann's Island Spleenwort,Aspleniaceae
579,Trillium L.,Trillium,Liliaceae
580,Mertensia paniculata (Aiton) G. Don var. eastwoodiae (J.F. Macbr.) Hultén,Eastwood's Bluebells,Boraginaceae
581,Trapeliopsis Hertel & Gotth. Schneid.,Trapeliopsis Lichen,Trapeliaceae
582,Primula specuicola Rydb.,Cavedwelling Primrose,Primulaceae
583,Onopordum L.,Cottonthistle,Asteraceae
584,Senna pendula (Humb. & Bonpl. ex Willd.) Irwin & Barneby var. advena (Vogel) Irwin & Barneby,Valamuerto,Fabaceae
585,Yucca glauca Nutt. var. glauca,Soapweed Yucca,Agavaceae
586,Centaurea eriophora L.,Wild Sandheath,Asteraceae
587,Seligeria subimmersa Lindb.,Small Limestone Moss,Seligeriaceae
588,Centrosema (DC.) Benth.,Butterfly Pea,Fabaceae
589,Juniperus phoenicea L.,Phoenician Juniper,Cupressaceae
590,Lucya DC.,Lucya,Rubiaceae
591,Machaerina Vahl,Twigrush,Cyperaceae
592,Carex serratodens W. Boott,Twotooth Sedge,Cyperaceae
593,Rhizocarpon superficiale (Schaerer) Vain.,Superficial Map Lichen,Rhizocarpaceae
594,Lycium cooperi A. Gray,Peach Thorn,Solanaceae
595,Bryonora Poelt,Bryonora Lichen,Lecanoraceae
596,Dissanthelium californicum (Nutt.) Benth.,Catalina Grass,Poaceae
597,Tradescantia occidentalis (Britton) Smyth var. melanthera MacRoberts,Prairie Spiderwort,Commelinaceae
598,Phanopyrum (Raf.) Nash,Savannah-panicgrass,Poaceae
599,Poa porsildii Gjaerev.,Porsild's Bluegrass,Poaceae
600,Eleocharis tenuis (Willd.) Schult.,Slender Spikerush,Cyperaceae
601,Galium angustifolium Nutt. ex A. Gray ssp. angustifolium,Narrowleaf Bedstraw,Rubiaceae
602,Limprichtia Loeske,Limprichtia Moss,Amblystegiaceae
603,Lepisorus (J. Sm.) Ching,Lepisorus,Polypodiaceae
604,Apium prostratum Labill.,Prostrate Marshwort,Apiaceae
605,Clarkia rubicunda (Lindl.) F.H. Lewis & M.E. Lewis,Ruby Chalice Clarkia,Onagraceae
606,Dalea purpurea Vent. var. arenicola (Wemple) Barneby,Purple Prairie Clover,Fabaceae
607,Lesquerella hemiphysaria Maguire var. lucens S.L. Welsh & Reveal,Intermountain Bladderpod,Brassicaceae
608,Ludwigia grandiflora (Michx.) Greuter & Burdet ssp. grandiflora,Large-flower Primrose-willow,Onagraceae
609,Samolus ebracteatus Kunth ssp. alyssoides (A. Heller) R. Knuth,Limewater Brookweed,Primulaceae
610,Galium californicum Hook. & Arn. ssp. flaccidum (Greene) Dempster & Stebbins,California Bedstraw,Rubiaceae
611,Hymenopappus carrizoanus B.L. Turner,Carrizo Sands Woollywhite,Asteraceae
612,Ajuga pyramidalis L.,Pyramid Bugle,Lamiaceae
613,Mahonia bealei (Fortune) Carrière,Beale's Barberry,Berberidaceae
614,Miconia rubiginosa (Bonpl.) DC.,Peralejo,Melastomataceae
615,Fouquieria splendens Engelm.,Ocotillo,Fouquieriaceae
616,Trophis racemosa (L.) Urb.,White Ramoon,Moraceae
617,Milium L.,Milletgrass,Poaceae
618,Potentilla albiflora L.O. Williams,Whiteflower Cinquefoil,Rosaceae
619,Polygala sanguinea L.,Purple Milkwort,Polygalaceae
620,Eriogonum ochrocephalum S. Watson var. calcareum (S. Stokes) M. Peck,Whitewoolly Buckwheat,Polygonaceae
621,Diospyros lyciodes Desf.,Red Star Apple,Ebenaceae
622,Rubus hawaiensis A. Gray,Hawai'i Blackberry,Rosaceae
623,Eriogonum gilmanii S. Stokes,Gilman's Buckwheat,Polygonaceae
624,Abies concolor (Gord. & Glend.) Lindl. ex Hildebr.,White Fir,Pinaceae
625,Chamaesyce melanadenia (Torr.) Millsp.,Red-gland Spurge,Euphorbiaceae
626,Hackelia brevicula (Jeps.) J.L. Gentry,Poison Canyon Stickseed,Boraginaceae
627,Stipa krylovii Roshev.,Needlegrass,Poaceae
628,Phacelia strictiflora (Engelm. & A. Gray) A. Gray,Prairie Phacelia,Hydrophyllaceae
629,Pleiacanthus spinosus (Nutt.) Rydb.,Thorn Skeletonweed,Asteraceae
630,Arctostaphylos hookeri G. Don,Hooker's Manzanita,Ericaceae
631,Scutellaria bushii Britton,Bush's Skullcap,Lamiaceae
632,Trifolium longipes Nutt. ssp. pedunculatum (Rydb.) J.M. Gillett,Longstalk Clover,Fabaceae
633,Lomatium marginatum (Benth.) J.M. Coult. & Rose var. marginatum,Butte Desertparsley,Apiaceae
634,Ptychosperma elegans (R. Br.) Blume,Alexander Palm,Arecaceae
635,Eysenhardtia orthocarpa (A. Gray) S. Watson,Tahitian Kidneywood,Fabaceae
636,Erigeron aphanactis (A. Gray) Greene,Rayless Shaggy Fleabane,Asteraceae
637,Peltandra sagittifolia (Michx.) Morong,White Arrow Arum,Araceae
638,Tetraplodon urceolatus (Hedw.) Bruch & Schimp.,Urceolate Nitrogen Moss,Splachnaceae
639,Lyonia fruticosa (Michx.) G.S. Torr.,Coastal Plain Staggerbush,Ericaceae
640,Cryptantha interrupta (Greene) Payson,Elko Cryptantha,Boraginaceae
641,Moehringia lateriflora (L.) Fenzl,Bluntleaf Sandwort,Caryophyllaceae
642,Cerastium arvense L. ssp. fuegianum (Hook. f.) Ugborogho,Field Chickweed,Caryophyllaceae
643,Lindsaea ensifolia Sw.,Graceful Necklace Fern,Dennstaedtiaceae
644,Verbascum olympicum Boiss.,Olympic Mullein,Scrophulariaceae
645,Hypotrachyna virginica (Hale) Hale,Virginia Hypotrachyna Lichen,Parmeliaceae
646,Gilia capitata Sims ssp. capitata,Bluehead Gilia,Polemoniaceae
647,Thelypodiopsis vermicularis (S.L. Welsh & Reveal) Rollins,Great Basin Tumblemustard,Brassicaceae
648,Bidens pilosa L.,Hairy Beggarticks,Asteraceae
649,Triglochin palustris L.,Marsh Arrowgrass,Juncaginaceae
650,Macrozamia Miq.,Macrozamia,Zamiaceae
651,Triplasis P. Beauv.,Sandgrass,Poaceae
652,Carex cusickii Mack. ex Piper & Beattie,Cusick's Sedge,Cyperaceae
653,Eschscholzia minutiflora S. Watson ssp. twisselmannii C. Clark,Red Rock Poppy,Papaveraceae
654,Ligusticum verticillatum (Hook.) J.M. Coult. & Rose ex Rose,Northern Licorice-root,Apiaceae
655,Cyperus hypochlorus Hillebr. var. brevior Kük.,Oahu Flatsedge,Cyperaceae
656,Phytolacca americana L.,American Pokeweed,Phytolaccaceae
657,Chrysogonum L.,Chrysogonum,Asteraceae
658,Ochrolechia grimmiae Lynge,Grimmia Crabseye Lichen,Pertusariaceae
659,Myriophyllum L.,Watermilfoil,Haloragaceae
660,Liatris aspera Michx. var. salutans (Lunell) Shinners,Tall Blazing Star,Asteraceae
661,Senecio fremontii Torr. & A. Gray,Dwarf Mountain Ragwort,Asteraceae
662,Vigna marina (Burm. f.) Merr.,Notched Cowpea,Fabaceae
663,Gundlachia corymbosa (Urb.) Britton ex Boldingh,Yambush,Asteraceae
664,Ligustrum quihoui Carrière,Waxyleaf Privet,Oleaceae
665,Hesperaloe parviflora (Torr.) J.M. Coult. var. engelmannii (Krauskopf) Trel.,Engelmann's False Yucca,Agavaceae
666,Sonchus palustris L.,Marsh Sowthistle,Asteraceae
667,Scutellaria ovata Hill ssp. cuthbertii (Alexander) Epling,Cuthbert's Skullcap,Lamiaceae
668,Elaeis Jacq.,Oil Palm,Arecaceae
669,Castilleja pallescens (A. Gray) Greenm.,Pale Indian Paintbrush,Scrophulariaceae
670,Bromus secalinus L. var. secalinus,Rye Brome,Poaceae
671,Vicia tetrasperma (L.) Schreb.,Lentil Vetch,Fabaceae
672,Chaenothecopsis debilis (Turner & Borrer ex Sm.) Tibell,Chaenothecopsis Lichen,Mycocaliciaceae
673,Lupinus lemmonii C.P. Sm.,Lemmon's Lupine,Fabaceae
674,Carex albicans Willd. ex Spreng. var. albicans,Whitetinge Sedge,Cyperaceae
675,Sisyrinchium campestre E.P. Bicknell,Prairie Blue-eyed Grass,Iridaceae
676,Allium crenulatum Wiegand,Olympic Onion,Liliaceae
677,Collema subnigrescens Degel.,Jelly Lichen,Collemataceae
678,Viburnum suspensum Lindl.,Viburnum,Caprifoliaceae
679,Veronica americana Schwein. ex Benth.,American Speedwell,Scrophulariaceae
680,Trifolium kingii S. Watson ssp. kingii,King's Clover,Fabaceae
681,Hedeoma reverchonii (A. Gray) A. Gray var. serpyllifolia (Small) Irving,Reverchon's False Pennyroyal,Lamiaceae
682,Typha ×glauca Godr. (pro sp.),Hybrid Cattail,Typhaceae
683,Astragalus whitneyi A. Gray var. lenophyllus (Rydb.) Barneby,Balloonpod Milkvetch,Fabaceae
684,Gerbera J.F. Gmel.,Transvaal Daisy,Asteraceae
685,Eriogonum fasciculatum Benth. var. flavoviride Munz & I.M. Johnst.,Eastern Mojave Buckwheat,Polygonaceae
686,Quercus ×incomita Palmer,Hybrid Oak,Fagaceae
687,Angelica arguta Nutt.,Lyall's Angelica,Apiaceae
688,Cynanchum northropiae (Schltr.) Alain,Fragrant Swallow-wort,Asclepiadaceae
689,Phacelia leibergii Brand,Leiberg's Phacelia,Hydrophyllaceae
690,Astragalus crassicarpus Nutt. var. trichocalyx (Nutt.) Barneby,Groundplum Milkvetch,Fabaceae
691,Phlox albomarginata M.E. Jones,Whitemargin Phlox,Polemoniaceae
692,Iva imbricata Walter,Seacoast Marsh Elder,Asteraceae
693,Ottelia Pers.,Ottelia,Hydrocharitaceae
694,Pentachaeta Nutt.,Pygmydaisy,Asteraceae
695,Ceiba aesculifolia (Kunth) Britten & Baker f.,Pochote,Bombacaceae
696,Cladonia ecmocyna Leight. ssp. ecmocyna,Cup Lichen,Cladoniaceae
697,Triodanis coloradoensis (Buckley) McVaugh,Colorado Venus' Looking-glass,Campanulaceae
698,Lichenostigma rugosa Thor,Lichenostigma Lichen,Lichenotheliaceae
699,Shepherdia argentea (Pursh) Nutt.,Silver Buffaloberry,Elaeagnaceae
700,Pycnanthemum incanum (L.) Michx. var. incanum,Hoary Mountainmint,Lamiaceae
701,Paronychia lundelliorum Turner,Lundell's Nailwort,Caryophyllaceae
702,Ribes indecorum Eastw.,Whiteflower Currant,Grossulariaceae
703,Triphysaria versicolor Fisch. & C.A. Mey.,Yellowbeak Owl's-clover,Scrophulariaceae
704,Juncus regelii Buchenau,Regel's Rush,Juncaceae
705,Lupinus latifolius Lindl. ex J. Agardh ssp. viridifolius (A. Heller) Kenney & D. Dunn var. barbatus (Hend.) Munz,Broadleaf Lupine,Fabaceae
706,Hexalectris spicata (Walter) Barnhart var. spicata,Spiked Crested Coralroot,Orchidaceae
707,Matelea producta (Torr.) Woodson,Texas Milkvine,Asclepiadaceae
708,Myrica gale L.,Sweetgale,Myricaceae
709,Orphniospora Körb.,Orphniospora Lichen,Fuscideaceae
710,Sorbus scopulina Greene var. cascadensis (G.N. Jones) C.L. Hitchc.,Cascade Mountain Ash,Rosaceae
711,Bolandra A. Gray,False Coolwort,Saxifragaceae
712,Lomatium observatorium Constance & Ertter,Mt. Hamilton Desertparsley,Apiaceae
713,Astragalus phoenix Barneby,Ash Meadows Milkvetch,Fabaceae
714,Melochia corchorifolia L.,Chocolateweed,Sterculiaceae
715,Nectandra krugii Mez,Krug's Sweetwood,Lauraceae
716,Thermopsis californica S. Watson var. californica,California Goldenbanner,Fabaceae
717,Sesbania cannabina Poir.,Sesbania,Fabaceae
718,Psychotria punctata Vatke,Dotted Wild Coffee,Rubiaceae
719,Stenocereus fimbriatus (Lam.) Lourteig,Spanish Stenocereus,Cactaceae
720,Crataegus lemingtonensis Sarg.,Lemington Hawthorn,Rosaceae
721,Sagraea portoricensis (Alain) Alain,Puerto Rico Hogwood,Melastomataceae
722,Erigeron elegantulus Greene,Blue Dwarf Fleabane,Asteraceae
723,Tuctoria greenei (Vasey) J. Reeder,Awnless Spiralgrass,Poaceae
724,Myurella Schimp.,Myurella Moss,Pterigynandraceae
725,Castilleja miniata Douglas ex Hook. ssp. dixonii (Fernald) Kartesz,Giant Red Indian Paintbrush,Scrophulariaceae
726,Balanites Delile,Balanites,Zygophyllaceae
727,Lecythis ollaria Loefl.,Lecythis,Lecythidaceae
728,Cynanchum vincetoxicum (L.) Pers.,White Swallow-wort,Asclepiadaceae
729,Parmotrema tinctorum (Delise ex Nyl.) Hale,Parmotrema Lichen,Parmeliaceae
730,Aristida lanosa Muhl. ex Elliott,Woollysheath Threeawn,Poaceae
731,Lecanora semitensis Tuck.,Rim Lichen,Lecanoraceae
732,Euphorbia milii Des Moul.,Christplant,Euphorbiaceae
733,Panicum rigidulum Bosc ex Nees var. pubescens (Vasey) Lelong,Redtop Panicgrass,Poaceae
734,Thelocarpon laureri (Flotow) Nyl.,Laurer's Thelocarpon Lichen,Acarosporaceae
735,Ichnanthus pallens (Sw.) Munro ex Benth. var. pallens,Caruzo,Poaceae
736,Draba incerta Payson var. peasei (Fernald) Rollins,Yellowstone Draba,Brassicaceae
737,Amaranthus crassipes Schltdl. var. crassipes,Spreading Amaranth,Amaranthaceae
738,Anoda crenatiflora Ortega,Thicket Anoda,Malvaceae
739,Castilleja subinclusa Greene ssp. franciscana (Pennell) T.I. Chuang & Heckard,Longleaf Indian Paintbrush,Scrophulariaceae
740,Melicope adscendens (H. St. John & Hume) T.G. Hartley & B.C. Stone,Auwahi Melicope,Rutaceae
741,Townsendia scapigera D.C. Eaton,Tufted Townsend Daisy,Asteraceae
742,Ardisia solanacea Roxb.,China-shrub,Myrsinaceae
743,Oxystegus (Limpr.) Hilp.,Oxystegus Moss,Pottiaceae
744,Nemacladus twisselmannii J.T. Howell,Twisselmann's Threadplant,Campanulaceae
745,Monnina wrightii A. Gray,Blue Pygmyflower,Polygalaceae
746,Poranopsis Roberty,Poranopsis,Convolvulaceae
747,Fimbristylis decipiens Kral,Southern Fimbry,Cyperaceae
748,Castilleja cinerea A. Gray,Ashgray Indian Paintbrush,Scrophulariaceae
749,Xolantha guttata (L.) Raf.,European Frostweed,Cistaceae
750,Valerianella nuttallii (Torr. & A. Gray) Walp.,Nuttall's Cornsalad,Valerianaceae
751,Lathyrus vestitus Nutt.,Pacific Pea,Fabaceae
752,Delphinium parishii A. Gray ssp. pallidum (Munz) Warnock,Pallid Larkspur,Ranunculaceae
753,Penstemon rydbergii A. Nelson,Rydberg's Penstemon,Scrophulariaceae
754,Astragalus hornii A. Gray,Horn's Milkvetch,Fabaceae
755,Brassica L.,Mustard,Brassicaceae
756,Gentianopsis virgata (Raf.) Holub,Lesser Fringed Gentian,Gentianaceae
757,Galium munzii Hilend & J.T. Howell ssp. ambivalens Dempster & Ehrend.,Munz's Bedstraw,Rubiaceae
758,Centaurea macrocephala Puschk. ex Willd.,Bighead Knapweed,Asteraceae
759,Psorothamnus thompsoniae (Vail) S.L. Welsh & N.D. Atwood var. whitingii (Kearney & Peebles) Barneby,Whiting's Dalea,Fabaceae
760,Aechmea fasciata (Lindl.) Baker,Urnplant,Bromeliaceae
761,Eucalyptus tetragona (R. Br.) F. Muell.,Tallerack,Myrtaceae
762,Ceanothus foliosus Parry var. foliosus,Wavyleaf Ceanothus,Rhamnaceae
763,Sagittaria guayanensis Kunth,Guyanese Arrowhead,Alismataceae
764,Agave schottii Engelm. var. schottii,Schott's Century Plant,Agavaceae
765,Xyris laxifolia Mart. var. iridifolia (Chapm.) Kral,Irisleaf Yelloweyed Grass,Xyridaceae
766,Cissus trifoliata (L.) L.,Sorrelvine,Vitaceae
767,Heteromeles arbutifolia (Lindl.) M. Roem. var. macrocarpa (Munz) Munz,Toyon,Rosaceae
768,Parthenium argentatum A. Gray,Guayule,Asteraceae
769,Isoetes occidentalis L.F. Hend.,Western Quillwort,Isoetaceae
770,Calypso Salisb.,Fairy Slipper,Orchidaceae
771,Amianthium A. Gray,Amianthium,Liliaceae
772,Berlandiera DC.,Greeneyes,Asteraceae
773,Viscum album L.,European Mistletoe,Viscaceae
774,Bacidia lobarica Printzen & Tønsberg,Dotted Lichen,Bacidiaceae
775,Salix ovalifolia Trautv. var. cyclophylla (Rydb.) C.R. Ball,Oval-leaf Willow,Salicaceae
776,Herniaria hirsuta L.,Hairy Rupturewort,Caryophyllaceae
777,Geum macrophyllum Willd. var. perincisum (Rydb.) Raup,Largeleaf Avens,Rosaceae
778,Plantago maritima L.,Goose Tongue,Plantaginaceae
779,Lilium humboldtii Roezl & Leichtlin ex Duch. ssp. ocellatum (Kellogg) Thorne,Humboldt's Lily,Liliaceae
780,Delphinium geraniifolium Rydb.,Clark Valley Larkspur,Ranunculaceae
781,Polystichum calderonense Proctor,Monte Guilarte Hollyfern,Dryopteridaceae
782,Monolopia lanceolata Nutt.,Common Monolopia,Asteraceae
783,Dryopteris carthusiana (Vill.) H.P. Fuchs,Spinulose Woodfern,Dryopteridaceae
784,Juncus breweri Engelm.,Brewer's Rush,Juncaceae
785,Astragalus mohavensis S. Watson var. mohavensis,Mojave Milkvetch,Fabaceae
786,Carex stenoptila F.J. Herm.,Riverbank Sedge,Cyperaceae
787,Zantedeschia Spreng.,Calla Lily,Araceae
788,Amorpha georgiana Wilbur var. georgiana,Georgia False Indigo,Fabaceae
789,Penstemon deustus Douglas ex Lindl.,Scabland Penstemon,Scrophulariaceae
790,Juncus brachycephalus (Engelm.) Buchenau,Smallhead Rush,Juncaceae
791,Centrosema sagittatum (Humb. & Bonpl. ex Willd.) Brandegee ex Riley,Arrowleaf Butterfly Pea,Fabaceae
792,Perityle gracilis (M.E. Jones) Rydb.,Three-lobed Rockdaisy,Asteraceae
793,Lepidospartum burgessii B.L. Turner,Burgess' Broomsage,Asteraceae
794,Trillium undulatum Willd.,Painted Trillium,Liliaceae
795,Lactuca virosa L.,Bitter Lettuce,Asteraceae
796,Verbascum virgatum Stokes,Wand Mullein,Scrophulariaceae
797,Artemisia tripartita Rydb.,Threetip Sagebrush,Asteraceae
798,Leucojum vernum L.,Spring Snowflake,Liliaceae
799,Allocasuarina littoralis (Salisb.) L.A.S. Johnson,Black She-oak,Casuarinaceae
800,Enteropogon chlorideus (J. Presl) W.D. Clayton,Buryseed Umbrellagrass,Poaceae
801,Fissidens sublimbatus Grout,Fissidens Moss,Fissidentaceae
802,Lecanora argentata (Ach.) Malme,Rim Lichen,Lecanoraceae
803,Cyrtandra gracilis Hillebr. ex C.B. Clarke,Palolo Valley Cyrtandra,Gesneriaceae
804,Morella rubra Lour.,Red Bayberry,Myricaceae
805,Escobaria organensis (A.D. Zimmerman) Castetter, Pierce & Schwerin,Organ Mountain Foxtail Cactus,Cactaceae
806,Lobelia erinus L.,Edging Lobelia,Campanulaceae
807,Halesia tetraptera Ellis var. tetraptera,Mountain Silverbell,Styracaceae
808,Rinodina athallina H. Magn.,Rinodina Lichen,Physciaceae
809,Oncoba Forssk.,Oncoba,Flacourtiaceae
810,Hymenoxys lapidicola S.L. Welsh & Neese, nom. inq.,Stone Rubberweed,Asteraceae
811,Lesquerella ovalifolia Rydb. ex Britton,Roundleaf Bladderpod,Brassicaceae
812,Platygyrium fuscoluteum Cardot,Platygyrium Moss,Hypnaceae
813,Utricularia geminiscapa Benj.,Hiddenfruit Bladderwort,Lentibulariaceae
814,Schinus polygamus (Cav.) Cabrera,Hardee Peppertree,Anacardiaceae
815,Ixeris stolonifera A. Gray,Creeping Lettuce,Asteraceae
816,Caloplaca granulosa (Müll. Arg.) Jatta,Granulose Orange Lichen,Teloschistaceae
817,Cerastium fontanum Baumg. ssp. vulgare (Hartm.) Greuter & Burdet,Big Chickweed,Caryophyllaceae
818,Lichenothelia D. Hawksw.,Lichenothelia Lichen,Lichenotheliaceae
819,Rhizomnium andrewsianum (Steere) T. Kop.,Andrews' Rhizomnium Moss,Mniaceae
820,Deeringothamnus Small,False Pawpaw,Annonaceae
821,Nama densum Lemmon var. densum,Leafy Fiddleleaf,Hydrophyllaceae
822,Pinus mugo Turra,Mugo Pine,Pinaceae
823,Ipomoea tenuiloba Torr.,Spiderleaf,Convolvulaceae
824,Cyrtomium C. Presl,Netvein Hollyfern,Dryopteridaceae
825,Arthrostylidium farctum (Aubl.) Soderstr. & Lourteig.,Old Man's Beard,Poaceae
826,Acarospora thermophila Herre,Heatloving Cracked Lichen,Acarosporaceae
827,Amygdalaria Norman,Amygdalaria Lichen,Porpidiaceae
828,Sansevieria trifasciata hort. ex Prain,Viper's Bowstring Hemp,Agavaceae
829,Galium uliginosum L.,Fen Bedstraw,Rubiaceae
830,Agathosma betulina (Bergius) Pill.,Buchu,Rutaceae
831,Nemacladus pinnatifidus Greene,Combleaf Threadplant,Campanulaceae
832,Draba sobolifera Rydb.,Stolon Draba,Brassicaceae
833,Platanthera limosa Lindl.,Thurber's Bog Orchid,Orchidaceae
834,Litsea cubeba (Lour.) Pers.,Litsea,Lauraceae
835,Vicia sativa L. ssp. nigra (L.) Ehrh.,Garden Vetch,Fabaceae
836,Syringa L.,Lilac,Oleaceae
837,Schismus arabicus Nees,Arabian Schismus,Poaceae
838,Pseudocymopterus longiradiatus Mathias, Constance & W.L. Theobald,Trans-pecos False Mountainparsley,Apiaceae
839,Astragalus inversus M.E. Jones,Susanville Milkvetch,Fabaceae
840,Isodendrion laurifolium A. Gray,Rockcliff Isodendrion,Violaceae
841,Calyptranthes sintenisii Kiaersk.,Limoncillo De Monte,Myrtaceae
842,Mimulus johnstonii A.L. Grant,Johnston's Monkeyflower,Scrophulariaceae
843,Encyclia rufa (Lindl.) Britton & Millsp.,Rufous Butterfly Orchid,Orchidaceae
844,Chamaesaracha edwardsiana Averett,Edwards Plateau Five Eyes,Solanaceae
845,Juglans ×intermedia Carrière,Hybrid Walnut,Juglandaceae
846,Betula ×eastwoodiae Sarg. (pro sp.),Birch,Betulaceae
847,Lepidium fremontii S. Watson,Desert Pepperweed,Brassicaceae
848,Drosera ×obovata Mert. & W. Koch (pro sp.),Sundew,Droseraceae
849,Penstemon montanus Greene var. idahoensis (Pennell & D.D. Keck) Cronquist,Central Idaho Penstemon,Scrophulariaceae
850,Coccotrema Müll. Arg.,Coccotrema Lichen,Coccotremataceae
851,Eriogonum cithariforme S. Watson,Cithara Buckwheat,Polygonaceae
852,Loudetia simplex (Nees) C.E. Hubb.,Common Russet Grass,Poaceae
853,Malva nicaeensis All.,Bull Mallow,Malvaceae
854,Silene nivea (Nutt.) Muhl. ex Otth,Evening Campion,Caryophyllaceae
855,Lupinus hybridus Lem.,Hybrid Lupine,Fabaceae
856,Packera neomexicana (A. Gray) W.A. Weber & Á. Löve var. metcalfei (Greene) D.K. Trock & T.M. Barkley,Metcalf's Groundsel,Asteraceae
857,Monanthochloe littoralis Engelm.,Shoregrass,Poaceae
858,Telesonix heucheriformis Rydb.,Alumroot Brookfoam,Saxifragaceae
859,Cladonia atlantica A. Evans,Atlantic Cup Lichen,Cladoniaceae
860,Carex sterilis Willd.,Dioecious Sedge,Cyperaceae
861,Strigula nitidula Mont.,Strigula Lichen,Strigulaceae
862,Rhododendron chapmanii (Alph. Wood) A. Gray,Chapman's Rhododendron,Ericaceae
863,Trifolium eriosphaerum Boiss.,Woolly Round-head Clover,Fabaceae
864,Rubus caesius L.,European Dewberry,Rosaceae
865,Heuchera micrantha Douglas ex Lindl. var. micrantha,Crevice Alumroot,Saxifragaceae
866,Viburnum edule (Michx.) Raf.,Squashberry,Caprifoliaceae
867,Astragalus distortus Torr. & A. Gray var. engelmannii (Sheldon) M.E. Jones,Englemann's Milkvetch,Fabaceae
868,Bothriochloa ischaemum (L.) Keng,Yellow Bluestem,Poaceae
869,Lobelia anatina E. Wimm.,Apache Lobelia,Campanulaceae
870,Artemisia furcata M. Bieb. var. heterophylla (Besser) Hultén,Forked Wormwood,Asteraceae
871,Isachne pulchella Roth,Isachne,Poaceae
872,Primula laurentiana Fernald,Birdeye Primrose,Primulaceae
873,Cryptantha leucophaea (Douglas ex Lehm.) Payson,Gray Cryptantha,Boraginaceae
874,Kobresia simpliciuscula (Wahlenb.) Mack.,Simple Bog Sedge,Cyperaceae
875,Symplocarpus foetidus (L.) Salisb. ex W.P.C. Barton,Skunk Cabbage,Araceae
876,Arthonia xylographica Nyl.,Dot Lichen,Arthoniaceae
877,Galium andrewsii A. Gray ssp. andrewsii,Andrews' Bedstraw,Rubiaceae
878,Symphyotrichum drummondii (Lindl.) G.L. Nesom var. drummondii,Drummond's Aster,Asteraceae
879,Sabal Adans.,Palmetto,Arecaceae
880,Eriochloa aristata Vasey,Bearded Cupgrass,Poaceae
881,Betula ×sargentii Dugle,Birch,Betulaceae
882,Chamaesyce celastroides (Boiss.) Croizat & O. Deg. var. laehiensis (O. Deg., I. Deg. & Sherff) Koutnik,'ekoko,Euphorbiaceae
883,Peperomia remyi C. DC.,Valley Peperomia,Piperaceae
884,Pohlia pacifica Shaw,Pacific Pohlia Moss,Bryaceae
885,Hedyotis tryblium D.R. Herbst & W.L. Wagner,Kalalau Valley Starviolet,Rubiaceae
886,Eriogonum ovalifolium Nutt. var. focarium Reveal & Mansfield,Craters Of The Moon Cushion Buckwheat,Polygonaceae
887,Sphaeralcea psoraloides S.L. Welsh,Psoralea Globemallow,Malvaceae
888,Platanthera tipuloides (L.) Lindl. var. behringiana (Rydb.) Hultén,Aleutian Bog Orchid,Orchidaceae
889,Sanicula canadensis L.,Canadian Blacksnakeroot,Apiaceae
890,Achnatherum richardsonii (Link) Barkworth,Richardson's Needlegrass,Poaceae
891,Tilingia Regel & Tiling,Tilingia,Apiaceae
892,Melicope kaalaensis (H. St. John) T.G. Hartley & B.C. Stone,Kaala Melicope,Rutaceae
893,Achyranthes aspera L. var. pubescens (Moq.) Townsend,Devil's Horsewhip,Amaranthaceae
894,Trimezia Salisb. ex Herb.,Trimezia,Iridaceae
895,Scutellaria montana Chapm.,Largeflower Skullcap,Lamiaceae
896,Myosotis discolor Pers.,Changing Forget-me-not,Boraginaceae
897,Glaux maritima L.,Sea Milkwort,Primulaceae
898,Chorizanthe brevicornu Torr. var. brevicornu,Brittle Spineflower,Polygonaceae
899,Salix ×cryptodonta Fernald (pro sp.),Hybrid Willow,Salicaceae
900,Rubus fraternalis L.H. Bailey,Northeastern Dewberry,Rosaceae
901,Rumex altissimus Alph. Wood,Pale Dock,Polygonaceae
902,Dubautia laxa Hook. & Arn. ssp. laxa,Na'ena'e Pua Melemele,Asteraceae
903,Rhynchosia americana (Houst. ex Mill.) M.C. Metz,American Snoutbean,Fabaceae
904,Draba pauciflora R. Br.,Fewflower Draba,Brassicaceae
905,Opegrapha atra Pers.,Scribble Lichen,Opegraphaceae
906,Conioselinum Hoffm.,Hemlockparsley,Apiaceae
907,Lithospermum obtusifolium I.M. Johnst.,Roundleaf Stoneseed,Boraginaceae
908,Pouteria dictyoneura (Griseb.) Radlk. ssp. fuertesii (Urb.) Cronquist,Cocuyo,Sapotaceae
909,Collinsia verna Nutt.,Spring Blue Eyed Mary,Scrophulariaceae
910,Phacelia neomexicana Thurb. ex Torr.,New Mexico Phacelia,Hydrophyllaceae
911,Lupinus arbustus Douglas ex Lindl.,Longspur Lupine,Fabaceae
912,Sporobolus vaginiflorus (Torr. ex A. Gray) Alph. Wood,Poverty Dropseed,Poaceae
913,Lobelia paludosa Nutt.,White Lobelia,Campanulaceae
914,Trifolium stoloniferum Muhl. ex Eaton,Running Buffalo Clover,Fabaceae
915,Echinops sphaerocephalus L.,Great Globethistle,Asteraceae
916,Erysimum L.,Wallflower,Brassicaceae
917,Eucnide bartonioides Zucc. var. bartonioides,Yellow Stingbush,Loasaceae
918,Euphorbia myrsinites L.,Myrtle Spurge,Euphorbiaceae
919,Hypnum cupressiforme Hedw. var. filiforme Brid.,Filiform Hypnum Moss,Hypnaceae
920,Endolepis covillei Standl.,Coville's Endolepis,Chenopodiaceae
921,Banksia spinulosa Sm.,Hairpin Banksia,Proteaceae
922,Senecio amplectens A. Gray,Showy Alpine Ragwort,Asteraceae
923,Cyperus hypopitys G. Tucker,Pine Flatsedge,Cyperaceae
924,Nicotiana L.,Tobacco,Solanaceae
925,Rumex acetosa L. ssp. pseudoxyria Tolm.,Garden Sorrel,Polygonaceae
926,Acarospora nodulosa (Dufour) Hue,Nodule Cracked Lichen,Acarosporaceae
927,Acrocordia cavata (Ach.) R.C. Harris,Acrocordia Lichen,Monoblastiaceae
928,Zoysia matrella (L.) Merr. var. matrella,Manila Grass,Poaceae
929,Carex mariposana L.H. Bailey ex Mack.,Mariposa Sedge,Cyperaceae
930,Thelesperma caespitosum Dorn,Low Greenthread,Asteraceae
931,Portulaca oleracea L.,Little Hogweed,Portulacaceae
932,Stellaria ruscifolia Pall. ex Schltdl. ssp. ruscifolia,Circumpolar Starwort,Caryophyllaceae
933,Festuca occidentalis Hook.,Western Fescue,Poaceae
934,Polysporina urceolata (Anzi) Brodo,Polysporina Lichen,Acarosporaceae
935,Trematolobelia grandifolia (Rock) O. Deg.,Largeflower False Lobelia,Campanulaceae
936,Lecidea rugosa Lowe,Rugose Lecidea Lichen,Lecideaceae
937,Urochloa humidicola (Rendle) Morrone & Zuloaga,Koronivia Grass,Poaceae
938,Polypogon maritimus Willd.,Mediterranean Rabbitsfoot Grass,Poaceae
939,Lesquerella thamnophila Rollins & Shaw,Zapata Bladderpod,Brassicaceae
940,Clerodendrum kaempferi (Jacq.) Siebold,Kaempfer's Glorybower,Verbenaceae
941,Quercus parvula Greene var. shrevei (C.H. Mull.) Nixon,Shreve Oak,Fagaceae
942,Tradescantia humilis Rose,Texas Spiderwort,Commelinaceae
943,Anthoxanthum odoratum L.,Sweet Vernalgrass,Poaceae
944,Proatriplex pleiantha (W.A. Weber) Stutz & G.L. Chu,Mancos Shadscale,Chenopodiaceae
945,Chamaecrista serpens (L.) Greene var. wrightii (A. Gray) Irwin & Barneby,Wright's Sensitive Pea,Fabaceae
946,Clarkia bottae (Spach) F.H. Lewis & M.E. Lewis,Botta's Clarkia,Onagraceae
947,Atriplex lampa Gillies ex Moq.,South American Saltbush,Chenopodiaceae
948,Potentilla crinita A. Gray var. lemmonii (S. Watson) Kearney & Peebles,Lemmon's Cinquefoil,Rosaceae
949,Vicia hirsuta (L.) Gray,Tiny Vetch,Fabaceae
950,Emilia sonchifolia (L.) DC.,Lilac Tasselflower,Asteraceae
951,Nolina erumpens (Torr.) S. Watson,Foothill Beargrass,Liliaceae
952,Polystichum kruckebergii W.H. Wagner,Kruckeberg's Hollyfern,Dryopteridaceae
953,Penstemon unilateralis Rydb.,Oneside Penstemon,Scrophulariaceae
954,Cevallia Lag.,Stinging Serpent,Loasaceae
955,Ceanothus cordulatus Kellogg,Whitethorn Ceanothus,Rhamnaceae
956,Salvia sclarea L.,Europe Sage,Lamiaceae
957,Piper swartzianum (Miq.) C. DC.,Spanish Elder,Piperaceae
958,Sicyos cucumerinus A. Gray,Gray's Bur Cucumber,Cucurbitaceae
959,Rubus hypolasius Fernald,Pineland Dewberry,Rosaceae
960,Carex athrostachya Olney,Slenderbeak Sedge,Cyperaceae
961,Carex ×quebecensis Lepage,Quebec Sedge,Cyperaceae
962,Gaura hexandra Ortega ssp. gracilis (Wooton & Standl.) P.H. Raven & Gregory,Harlequinbush,Onagraceae
963,Plagiobothrys collinus (Phil.) I.M. Johnst.,Cooper's Popcornflower,Boraginaceae
964,Lilium pardalinum Kellogg ssp. wigginsii (Beane & Vollmer) M.W. Skinner,Wiggins' Lily,Liliaceae
965,Polygonum punctatum Elliott,Dotted Smartweed,Polygonaceae
966,Heliotropium fruticosum L.,Key West Heliotrope,Boraginaceae
967,Minuartia michauxii (Fenzl) Farw. var. michauxii,Michaux's Stitchwort,Caryophyllaceae
968,Coreopsis pubescens Elliott,Star Tickseed,Asteraceae
969,Nandina domestica Thunb.,Sacred Bamboo,Berberidaceae
970,Tripogandra Raf.,Tripogandra,Commelinaceae
971,Speerschneidera euploca (Tuck.) Trevis.,Speerschneidera Lichen,Bacidiaceae
972,Stellaria borealis Bigelow ssp. borealis,Boreal Starwort,Caryophyllaceae
973,Tradescantia tharpii E.S. Anderson & Woodson,Tharp's Spiderwort,Commelinaceae
974,Streptanthus polygaloides A. Gray,Milkwort Jewelflower,Brassicaceae
975,Gilia tenuiflora Benth. ssp. hoffmannii (Eastw.) A.D. Grant & V.E. Grant,Hoffman's Gilia,Polemoniaceae
976,Lithospermum matamorense DC.,Rough Stoneseed,Boraginaceae
977,Castilleja sessiliflora Pursh,Downy Paintedcup,Scrophulariaceae
978,Mibora minima (L.) Desv.,Early Sandgrass,Poaceae
979,Garrya veatchii Kellogg,Canyon Silktassel,Garryaceae
980,Ribes californicum Hook. & Arn.,Hillside Gooseberry,Grossulariaceae
981,Croton glandulosus L. var. glandulosus,Vente Conmigo,Euphorbiaceae
982,Tripterocladium (Müll. Hal.) A. Jaeger,Tripterocladium Moss,Hypnaceae
983,Pediocactus simpsonii (Engelm.) Britton & Rose,Mountain Ball Cactus,Cactaceae
984,Ipomopsis globularis (Brand) W.A. Weber,Hoosier Pass Ipomopsis,Polemoniaceae
985,Aeluropus lagopoides (L.) Thwaites,Mamoncillo,Poaceae
986,Stellaria littoralis Torr.,Beach Starwort,Caryophyllaceae
987,Pandanus kanehirae Martelli,Pandanus,Pandanaceae
988,Trianthema L.,Trianthema,Aizoaceae
989,Nicotiana acuminata (Graham) Hook. var. acuminata (Graham) Hook. [excluded],Manyflower Tobacco,Solanaceae
990,Townsendia condensata Parry ex A. Gray,Cushion Townsend Daisy,Asteraceae
991,Euphorbia oblongata Griseb.,Eggleaf Spurge,Euphorbiaceae
992,Flacourtia rukam Zoll. & Moritzi,Rukam,Flacourtiaceae
993,Cerastium dichotomum L.,Forked Chickweed,Caryophyllaceae
994,Drosera rotundifolia L.,Roundleaf Sundew,Droseraceae
995,Bassia hirsuta (L.) Asch.,Hairy Smotherweed,Chenopodiaceae
996,Trifolium eriocephalum Nutt.,Woollyhead Clover,Fabaceae
997,Eriogonum ovalifolium Nutt.,Cushion Buckwheat,Polygonaceae
998,Arenaria congesta Nutt. var. wheelerensis Maguire,Wheeler's Sandwort,Caryophyllaceae
999,Michelia doltsopa Buch.-Ham. ex DC.,Sweet Michelia,Magnoliaceae
1000,Pholistoma racemosum (Nutt. ex A. Gray) Constance,Racemed Fiestaflower,Hydrophyllaceae
